## USE scannilloDB;

SET FOREIGN_KEY_CHECKS=0;

INSERT INTO Musician
#FORMAT: MusicianName, MusicianEmail, MusicURL, MusicianRating, MusicianPhone
VALUES ('Sammy Cannillo', 'sammyjaynecannillo@gmail.com', 'facebook.com/sammy.cannillo', 9.5, 2013166982),
('Meagan Hickman', 'mhmanagement@meaganhickman.com', 'www.meaganhickman.com', 9.6, 6309511888),
('BLAKE', 'blakethesongs@gmail.com', 'https://youtu.be/3Rfy0SpcNAE', NULL, 2246005317),
('Jerry Armonstrong', 'jerry@armstrongentertainment.org', 'armstrongentertainment.org', NULL, 6308419542),
('Creative Space Cadet', 'cscaesthetics@gmail.com', 'www.creativespacecadet.com', NULL, NULL),
('Jay Schraub', 'jayschraubmusic@gmail.com', 'jayschraub.com', NULL, 7735595257),
('Elk Walking', 'booking@elkwalking.com', 'elkwalking.com', 9.5, 7736061830),
('The Hustle', 'thehustle99@gmail.com', 'https://open.spotify.com/album/38En6zuDLMHinbcEeLwTrn', NULL, 8478637248),
('Dead Lucid', 'deadlucid@gmail.com', 'https://deadlucid.bandcamp.com/', NULL, NULL),
('MacConnell Wilson', 'macconnellwilson@yahoo.com',  'https://macconnellwilson.bandcamp.com/', NULL, 8479220219),
('Sin Thetic', 'allison_ettinger22@hotmail.com', 'https://youtube.com/user/Sintheticband', NULL, 3093373755),
('Michael Be', 'Stover.michaelbe@gmail.com', 'Michaelbe.net', NULL, 8153426568),
('The Bombats', 'wearethebombats@gmail.com', 'wearethebombats.bandcamp.com', 8.7, 4108520119),
('The Off Days', 'theoffdaysband@gmail.com', 'https://uarobledo.wixsite.com/mysite', NULL, 7739834641),
('Foreign Sunsets', 'foreignsunsetsband@gmail.com', 'Facebook.com/foreignsunsets', NULL, 7739834641),
('The Watsons', 'malbor1212@gmail.com', 'https://m.facebook.com/profile.php?id=1876299319263525&ref=content_filter', NULL, 16305369831),
('Songbat Blvd', 'Heather@amplifiedtouring.com', 'www.facebook.com/songbatblvd', NULL, 8473724405),
('PARTYWITHGUNTHER', 'partywithgunther@gmail.com', 'www.partywithgunther.com', NULL, 6787730904),
('Namorado', 'maltergott@gmail.com', 'https://www.facebook.com/namoradomusic', NULL, NULL),
('Psychic Honey', 'were.kyle@gmail.com', 'voidpulse.bandcamp.com', NULL, 5023795090),
('ATTACK THE SOUND', 'attackthesound@yahoo.com', 'www.attackthesoundband.com', NULL, 7737075111),
('fake contest', 'jeffdschaller@gmail.com', 'https://jeffschaller.bandcamp.com/', NULL, 3128779049);


#FORMAT: GenreCode, GenreName
INSERT INTO Genre
VALUES('ALT', 'Alternative'),
('DNC', 'Dance'),
('SNGSW', 'Singer-Songwriter'),
('EDM', 'EDM'),
('ROCK', 'Rock'),
('POP', 'Pop'),
('PUNK', 'Punk'),
('ELEC', 'Electronic'),
('HIPHP', 'Hip-Hop'),
('RAP', 'Rap'),
('INDPP', 'Indie Pop'),
('INDIE', 'Indie'),
('FOLK', 'Folk'),
('FUNK', 'Funk'),
('R&B', 'R&B'),
('BLUES', 'Blues'),
('JAZZ', 'Jazz'),
('CNTRY', 'Country'),
('SOUL', 'Soul'),
('RGGE', 'Reggae'),
('NWAGE', 'New Age'),
('GRNGE', 'Grunge'),
('HVMTL', 'Heavy Metal'),
('HOUSE', 'House'),
('PSTPK', 'Post-punk'),
('SKA', 'Ska'),
('PSYCH', 'Psychedellic'),
('ACOU', 'Acoustic'),
('ANIME', 'Anime'),
('CLASS', 'Classical'),
('RELIG', 'Christian & Gospel'),
('INST', 'Instrumental'),
('WORLD', 'World'),
('SPKWD', 'Spoken Word'),
('VIDGM', 'Video Game'),
('AMBT', 'Ambient');

#FORMAT: MusicianName, GenreCode
INSERT INTO Plays
VALUES('Sammy Cannillo', 'ALT'),
('Sammy Cannillo', 'SNGSW'),
('Sammy Cannillo', 'ROCK'),
('Sammy Cannillo', 'POP'),
('Sammy Cannillo', 'INDIE'),
('Sammy Cannillo', 'FOLK'),
('Sammy Cannillo', 'ACOU'),
('BLAKE', 'ROCK'),
('BLAKE', 'PUNK'),
('BLAKE', 'PSTPK'),
('BLAKE', 'PSYCH'),
('Jerry Armstrong', 'ROCK'),
('Jerry Armstrong', 'JAZZ'),
('Creative Space Cadet', 'ELEC'),
('Creative Space Cadet', 'HIPHP'),
('Creative Space Cadet', 'INDPP'),
('Jay Schraub', 'SNGSW'),
('Jay Schraub', 'FOLK'),
('Jay Schraub', 'GRNGE'),
('Jay Schraub', 'ACOU'),
('Elk Walking', 'ALT'),
('Elk Walking', 'SNGSW'),
('Elk Walking', 'ROCK'),
('Elk Walking', 'POP'),
('Elk Walking', 'INDPP'),
('Elk Walking', 'INDIE'),
('Elk Walking', 'FOLK'),
('Elk Walking', 'BLUES'),
('Elk Walking', 'CNTRY'),
('The Hustle', 'ALT'),
('The Hustle', 'ROCK'),
('The Hustle', 'INDIE'),
('The Hustle', 'BLUES'),
('Dead Lucid', 'ROCK'),
('Dead Lucid', 'PSYCH'),
('Dead Lucid', 'PSTPK'),
('MacConnell Wilson', 'ROCK'),
('MacConnell Wilson', 'INDIE'),
('MacConnell Wilson', 'FOLK'),
('MacConnell Wilson', 'ACOU'),
('MacConnell Wilson', 'SNGSW'),
('Sin Thetic', 'ALT'),
('Sin Thetic', 'SNGSW'),
('Sin Thetic', 'ROCK'),
('Sin Thetic', 'FUNK'),
('Sin Thetic', 'BLUES'),
('Sin Thetic', 'JAZZ'),
('Sin Thetic', 'PSYCH'),
('Sin Thetic', 'INST'),
('Michael Be', 'ALT'),
('Michael Be', 'ROCK'),
('Michael Be', 'POP'),
('Michael Be', 'ELEC'),
('Michael Be', 'HIPHP'),
('Michael Be', 'INDPP'),
('Michael Be', 'INDIE'),
('Michael Be', 'AMBT'),
('The Bombats', 'ALT'),
('The Bombats', 'ROCK'),
('The Bombats', 'PUNK'),
('The Bombats', 'GRNGE'),
('The Bombats', 'HVMTL'),
('The Bombats', 'PSTPK'),
('The Off Days', 'ALT'),
('The Off Days', 'ROCK'),
('The Off Days', 'INDIE'),
('Foreign Sunsets', 'ANIME'),
('Foreign Sunsets', 'ROCK'),
('Foreign Sunsets', 'ALT'),
('Foreign Sunsets', 'POP'),
('Foreign Sunsets', 'PUNK'),
('The Watsons', 'ALT'),
('The Watsons', 'ROCK'),
('The Watsons', 'INDIE'),
('Songbat Blvd', 'PUNK'),
('Songbat Blvd', 'ACOU'),
('Songbat Blvd', 'PSTPK'),
('PARTYWITHGUNTHER', 'EDM'),
('PARTYWITHGUNTHER', 'DNC'),
('PARTYWITHGUNTHER', 'ELEC'),
('Namorado', 'ROCK'),
('Namorado', 'INDIE'),
('Psychic Honey', 'ALT'),
('Psychic Honey', 'DNC'),
('Psychic Honey', 'EDM'),
('Psychic Honey', 'ELEC'),
('Psychic Honey', 'HIPHP'),
('Psychic Honey', 'JAZZ'),
('Psychic Honey', 'HOUSE'),
('Psychic Honey', 'PSYCH'),
('Psychic Honey', 'INST'),
('Psychic Honey', 'AMBT'),
('ATTACK THE SOUND', 'ALT'),
('ATTACK THE SOUND', 'SNGSW'),
('ATTACK THE SOUND', 'ROCK'),
('ATTACK THE SOUND', 'POP'),
('ATTACK THE SOUND', 'HIPHP'),
('ATTACK THE SOUND', 'R&B'),
('ATTACK THE SOUND', 'BLUES'),
('ATTACK THE SOUND', 'JAZZ'),
('ATTACK THE SOUND', 'SOUL'),
('ATTACK THE SOUND', 'HOUSE'),
('ATTACK THE SOUND', 'ACOU'),
('fake contest', 'DNC'),
('fake contest', 'ELEC'),
('fake contest', 'PSTPK'),
('fake contest', 'AMBT');




#FORMAT: NumBassAmps, Drums, NumGuitarAmps, NumMonitors, NumChannelMix, NumPianos, PA
INSERT INTO Backline (NumBassAmps, DrumKit, NumGuitarAmps, NumMonitors, NumChannelMixer, NumPianos, PA)
VALUES(1, 1, 6, 4, 6, 0, 1), 			#Elbo Room
(0, 1, 0, 0, 9, 0, 1),					#Desmons
(1, 1, 2, 4, 9, 1, 1),
(0, 0, 3, 7, 9, 1, 1),
(1, 1, 1, 0, 9, 1, 0),
(0, 0, 0, 1, 9, 3, 1),
(0, 1, 3, 0, 9, 1, 1),
(1, 1, 2, 0, 9, 1, 0),
(1, 0, 4, 1, 9, 7, 1),
(0, 1, 10, 9, 9, 1, 1);

#FORMAT: CardinalDirecion, NeighborhoodName
INSERT INTO Neighborhood
VALUES('Far North Side', 'Rogers Park'),
('Far North Side', 'West Ridge'),
('Far North Side', 'Uptown'),
('Far North Side', 'Lincoln Square'),
('Far North Side', 'Edison Park'),
('Far North Side', 'Norwood Park'),
('Far North Side', 'Jefferson Park'),
('Far North Side', 'Forest Glen'),
('Far North Side', 'North Park'),
('Far North Side', 'Albany Park'),
('Far North Side', 'O''Hare'),
('Far North Side', 'Edgewater'),
('North Side', 'North Center'),
('North Side', 'Lakeview'),
('North Side', 'Lincoln Park'),
('North Side', 'Avondale'),
('North Side', 'Logan Square'),
('North Side', 'Roscoe Village'),
('North Side', 'Wrigleyville'),
('North Side', 'Bucktown'),
('Northwest Side', 'Portage Park'),
('Northwest Side', 'Irving Park'),
('Northwest Side', 'Dunning'),
('Northwest Side', 'Montclare'),
('Northwest Side', 'Belmont Cragin'),
('Northwest Side', 'Hermosa'),
('West Side', 'Humboldt Park'),
('West Side', 'West Town'),
('West Side', 'Ukranian Village'),
('West Side', 'Wicker Park'),
('West Side', 'Austin'),
('West Side', 'West Garfield Park'),
('West Side', 'East Garfield Park'),
('West Side', 'Near West Side'),
('West Side', 'North Lawndale'),
('West Side', 'South Lawndale'),
('West Side', 'Pilsen'),
('West Side', 'Lower West Side'),
('Downtown', 'Near North Side'),
('Downtown', 'Gold Coast'),
('Downtown', 'Goose Island'),
('Downtown', 'Magnificent Mile'),
('Downtown', 'Old Town'),
('Downtown', 'River North'),
('Downtown', 'River West'),
('Downtown', 'The Loop'),
('Downtown', 'Printer''s Row'),
('Downtown', 'South Loop'),
('Downtown', 'Dearborn Park'),
('Downtown', 'Museum Park'),
('Southwest Side', 'Garfield Ridge'),
('Southwest Side', 'Archer Heights'),
('Southwest Side', 'Brighton Park'),
('Southwest Side', 'McKinley Park'),
('Southwest Side', 'New City'),
('Southwest Side', 'Back of the Yards'),
('Southwest Side', 'West Elsdon'),
('Southwest Side', 'Gage Park'),
('Southwest Side', 'Clearing'),
('Southwest Side', 'West Lawn'),
('Southwest Side', 'Chicago Lawn'),
('Southwest Side', 'West Englewood'),
('Southwest Side', 'Englewood'),
('South Side', 'Armour Square'),
('South Side', 'Douglas'),
('South Side', 'Oakland'),
('South Side', 'Fuller Park'),
('South Side', 'Grand Boulevard'),
('South Side', 'Kenwod'),
('South Side', 'Washington Park'),
('South Side', 'Hyde Park'),
('South Side', 'Woodlawn'),
('South Side', 'South Shore'),
('South Side', 'Bridgeport'),
('South Side', 'Greater Grand Crossing'),
('Far Southwest Side', 'Ashburn'),
('Far Southwest Side', 'Auburn Gresham'),
('Far Southwest Side', 'Beverly'),
('Far Southwest Side', 'Washington Heights'),
('Far Southwest Side', 'Mount Greenwood'),
('Far Southwest Side', 'Morgan Park'),
('Far South Side', 'Chatam'),
('Far South Side', 'Avalon Park'),
('Far South Side', 'South Chicago'),
('Far South Side', 'Burnside'),
('Far South Side', 'Calumet Heights'),
('Far South Side', 'Roseland'),
('Far South Side', 'Pullman'),
('Far South Side', 'South Deering'),
('Far South Side', 'East Side'),
('Far South Side', 'West Pullman'),
('Far South Side', 'Riverdale'),
('Far South Side', 'Hegewisch');

#FORMAT: VenueName, Capacity, VenuePhone, Address, NeighborhoodName
INSERT INTO Venue
VALUES ('The Elbo Room', 100, 7735495549, '2871 N Lincoln Ave', 'Lakeview'),
('Township', NULL, 7733841865, '2200 N. California Ave', 'Logan Square'),
('The Cubby Bear', NULL, 7733271662, '1059 W Addison S', 'Wrigleyville'),
('Emporium', NULL,  7736977922, '1366 N Milwaukee Ave', 'Wicker Park'),
('Subterranean', 400, 7732786600, '2011 W North Ave', 'Wicker Park'),
('Schubas', 165, 7735252508, '3159 N. Southport Ave', 'Lakeview'),
('Lincoln Hall', 507, 7735252501, '2424 N. Lincoln Ave', 'Lincoln Park'),
('Beat Kitchen', NULL, 7732814444, '2100 W. Belmont Ave', 'Lakeview'),
('Tonic Room', NULL, 7732488400, '2447 N Halsted St', 'Lincoln Park'),
('Silvie''s Lounge', 100, 7738716239, '1902 W Irving Park Rd', 'North Center'),
('Uncommon Ground - Lakeview', NULL, 7739293680, '3800 N Clark St', 'Lakeview'),
('The Sandlot Wrigley', 100, 7738570825, '3477 N Clark St', 'Wrigleyville');

#FORMAT: MusicianName, CardinalDirection
INSERT INTO Reach
VALUES('Sammy Cannillo', 'Downtown'),
('Sammy Cannillo', 'Far North Side'),
('Sammy Cannillo', 'Far Southeast Side'),
('Sammy Cannillo', 'Far Southwest Side'),
('Sammy Cannillo', 'North Side'),
('Sammy Cannillo', 'Northwest Side'),
('Sammy Cannillo', 'South Side'),
('Sammy Cannillo', 'Southwest Side'),
('Sammy Cannillo', 'West Side'),
('BLAKE', 'Far North Side'),
('BLAKE', 'Northwest Side'),
('BLAKE', 'North Side'),
('BLAKE', 'West Side'),
('BLAKE', 'Downtown'),
('BLAKE', 'South Side'),
('BLAKE', 'Southwest Side'),
('BLAKE', 'Far Southwest Side'),
('BLAKE', 'Far Southeast Side'),
('Jerry Armstrong', 'Far North Side'),
('Jerry Armstrong', 'Northwest Side'),
('Jerry Armstrong', 'North Side'),
('Jerry Armstrong', 'West Side'),
('Jerry Armstrong', 'Downtown'),
('Jerry Armstrong', 'Far Southwest Side'),
('Jerry Armstrong', 'Far Southeast Side'),
('Creative Space Cadet', 'Downtown'),
('Creative Space Cadet', 'South Side'),
('Creative Space Cadet', 'West Side'),
('Creative Space Cadet', 'North Side'),
('Creative Space Cadet', 'Northwest Side'),
('Creative Space Cadet', 'Far North Side'),
('Jay Schraub', 'Far North Side'),
('Jay Schraub', 'Northwest Side'),
('Jay Schraub', 'North Side'),
('Elk Walking', 'Far North Side'),
('Elk Walking', 'Northwest Side'),
('Elk Walking', 'North Side'),
('Elk Walking', 'West Side'),
('Elk Walking', 'Downtown'),
('Elk Walking', 'South Side'),
('Elk Walking', 'Southwest Side'),
('Elk Walking', 'Far Southwest Side'),
('Elk Walking', 'Far Southeast Side'),
('The Hustle', 'Far North Side'),
('The Hustle', 'Northwest Side'),
('The Hustle', 'North Side'),
('The Hustle', 'West Side'),
('The Hustle', 'Downtown'),
('The Hustle', 'South Side'),
('Dead Lucid', 'Far North Side'),
('Dead Lucid', 'Northwest Side'),
('Dead Lucid', 'North Side'),
('Dead Lucid', 'West Side'),
('Dead Lucid', 'Downtown'),
('Dead Lucid', 'South Side'),
('Dead Lucid', 'Southwest Side'),
('Dead Lucid', 'Far Southwest Side'),
('Dead Lucid', 'Far Southeast Side'),
('MacConnell Wilson', 'Far North Side'),
('MacConnell Wilson', 'Northwest Side'),
('MacConnell Wilson', 'North Side'),
('MacConnell Wilson', 'West Side'),
('MacConnell Wilson', 'Downtown'),
('Sin Thetic', 'Far North Side'),
('Sin Thetic', 'Northwest Side'),
('Sin Thetic', 'North Side'),
('Sin Thetic', 'West Side'),
('Sin Thetic', 'Downtown'),
('Sin Thetic', 'South Side'),
('Sin Thetic', 'Southwest Side'),
('Sin Thetic', 'Far Southwest Side'),
('Sin Thetic', 'Far Southeast Side'),
('Michael Be', 'Far North Side'),
('Michael Be', 'Northwest Side'),
('Michael Be', 'North Side'),
('Michael Be', 'West Side'),
('Michael Be', 'Downtown'),
('Michael Be', 'South Side'),
('Michael Be', 'Southwest Side'),
('Michael Be', 'Far Southwest Side'),
('Michael Be', 'Far Southeast Side'),
('The Bombats', 'Far North Side'),
('The Bombats', 'Northwest Side'),
('The Bombats', 'North Side'),
('The Bombats', 'West Side'),
('The Bombats', 'Downtown'),
('The Bombats', 'South Side'),
('The Bombats', 'Southwest Side'),
('The Bombats', 'Far Southwest Side'),
('The Bombats', 'Far Southeast Side'),
('The Off Days', 'Far North Side'),
('The Off Days', 'Northwest Side'),
('The Off Days', 'North Side'),
('The Off Days', 'West Side'),
('The Off Days', 'Downtown'),
('The Off Days', 'South Side'),
('The Off Days', 'Far Southeast Side'),
('Foreign Sunsets', 'Far North Side'),
('Foreign Sunsets', 'Northwest Side'),
('Foreign Sunsets', 'North Side'),
('Foreign Sunsets', 'West Side'),
('Foreign Sunsets', 'Dowtown'),
('Foreign Sunsets', 'South Side'),
('Foreign Sunsets', 'Far Southeast Side'),
('The Watsons', 'Far North Side'),
('The Watsons', 'Northwest Side'),
('The Watsons', 'North Side'),
('The Watsons', 'West Side'),
('The Watsons', 'Downtown'),
('The Watsons', 'South Side'),
('Songbat Blvd', 'Far North Side'),
('Songbat Blvd', 'Northwest Side'),
('Songbat Blvd', 'North Side'),
('Songbat Blvd', 'West Side'),
('Songbat Blvd', 'Downtown'),
('Songbat Blvd', 'South Side'),
('Songbat Blvd', 'Southwest Side'),
('Songbat Blvd', 'Far Southwest Side'),
('Songbat Blvd', 'Far Southeast Side'),
('PARTYWITHGUNTHER', 'Far North Side'),
('PARTYWITHGUNTHER', 'Northwest Side'),
('PARTYWITHGUNTHER', 'North Side'),
('PARTYWITHGUNTHER', 'West Side'),
('PARTYWITHGUNTHER', 'Downtown'),
('PARTYWITHGUNTHER', 'South Side'),
('PARTYWITHGUNTHER', 'Southwest Side'),
('PARTYWITHGUNTHER', 'Far Southwest Side'),
('PARTYWITHGUNTHER', 'Far Southeast Side'),
('Namorado', 'Far North Side'),
('Namorado', 'Northwest Side'),
('Namorado', 'North Side'),
('Namorado', 'West Side'),
('Namorado', 'Downtown'),
('Namorado', 'South Side'),
('Psychic Honey', 'Far North Side'),
('Psychic Honey', 'North Side'),
('Psychic Honey', 'Downtown'),
('Psychic Honey', 'South Side'),
('ATTACK THE SOUND', 'Far North Side'),
('ATTACK THE SOUND', 'North Side'),
('ATTACK THE SOUND', 'West Side'),
('ATTACK THE SOUND', 'Downtown'),
('ATTACK THE SOUND', 'South Side'),
('ATTACK THE SOUND', 'Far Southeast Side'),
('fake contest', 'Far North Side'),
('fake contest', 'Northwest Side'),
('fake contest', 'North Side'),
('fake contest', 'West Side'),
('fake contest', 'Downtown'),
('fake contest', 'South Side'),
('fake contest', 'Southwest Side'),
('fake contest', 'Far Southwest Side'),
('fake contest', 'Far Southeast Side');

#FORMAT: VenueName, GenreCode, VenueRating
INSERT INTO Offers
VALUES('The Elbo Room', 'ALT', 8.0),
('The Elbo Room', 'DNC', 5.0),
('The Elbo Room', 'SNGSW', 7.0),
('The Elbo Room', 'ROCK', 9.0),
('The Elbo Room', 'POP', 8.0),
('The Elbo Room', 'PUNK', 9.5),
('The Elbo Room', 'ELEC', 3),
('The Elbo Room', 'GRNGE', 9.1),
('The Elbo Room', 'HVMTL', 8.4),
('The Elbo Room', 'PSTPK', 7),
('The Elbo Room', 'SKA', 7.6),
('The Elbo Room', 'INDIE', 9.4),
('The Elbo Room', 'FOLK', 8.4);

#FORMAT: BookerName, email, phone, rating, cover, tix sales
INSERT INTO Booker
VALUES('Jake Ayres', 'jake@elboroomlive.com', 4084022918, 8.0, 'Yes', 'No'),
('Jonathan Meeks', 'jonathan@audacia.us', 8473477514, 9.0, 'Yes', 'No'),
('Edmer Abante', NULL, 6307811546, 9.5, NULL, NULL),
('Alicia Maciel', 'Fifty50shows@gmail.com', NULL, 8.7, 'Yes', 'Maybe'),
('Omree', 'booking@emporiumchicago.com', NULL, 7.5, 'No', 'No'),
('Donnie Biggins', 'booking@harmonicadunn.com', NULL, 6.5, NULL, NULL),
('Lee Sobel', 'LeeSobel15@gmail.com', NULL, 5.0, NULL, NULL),
('The Final Five Agency', 'thefinalfiveagency@gmail.com', NULL, NULL, 'Maybe', 'Maybe'),
('Lillie Therieau', 'lillietherieau@gmail.com', NULL, NULL, 'Maybe', 'No');

#FORMAT: VenueName, BookerNAme
INSERT INTO Books
VALUES('The Elbo Room', 'Jake Ayres'),
('Township', 'Jonathan Meeks'),
('The Cubby Bear', 'Edmer Abante'),
('Tonic Room', 'Donnie Biggins'),
('Emporium', 'Omree'),
('Schubas', 'Alicia Maciel'),
('Lincoln Hall', 'Alicia Maciel'),
('Beat Kitchen', 'Alicia Maciel'),
('Subterranean', 'Alicia Maciel'),
('Silvie''s Lounge', 'Lee Sobel'),
('The Elbo Room', 'The Final Five Agency');

#FORMAT: VenueName, BacklineId
INSERT INTO Provides
VALUES('Emporium', 1),
('The Elbo Room', 2),
('Schubas', 3),
('Lincoln Hall', 4),
('Beat Kitchen', 5),
('Subterranean', 6),
('Silvie''s Lounge', 7),
('Township', 8),
('The Cubby Bear', 9),
('Uncommon Ground', 1),
('The Sandlot Wrigley', 2);

SET FOREIGN_KEY_CHECKS=1;